"stem","a","b","c","d","answer","explanation"
"Synthetic review-row 1: a charterholder faces a professionalism fact pattern that requires identifying the correct Standard and the first required action in the circumstance described here.","Dissociate and escalate internally under the Code","Ignore the fact pattern because it is only a teaching case","Guarantee the client a specific investment outcome","Share the exam question with a colleague","A","This synthetic row exists so the review table can be virtualized; the explanation is long enough to avoid a weak-explanation warning."
"Synthetic review-row 2: a charterholder faces a professionalism fact pattern that requires identifying the correct Standard and the first required action in the circumstance described here.","Dissociate and escalate internally under the Code","Ignore the fact pattern because it is only a teaching case","Guarantee the client a specific investment outcome","Share the exam question with a colleague","A","This synthetic row exists so the review table can be virtualized; the explanation is long enough to avoid a weak-explanation warning."
"Synthetic review-row 3: a charterholder faces a professionalism fact pattern that requires identifying the correct Standard and the first required action in the circumstance described here.","Dissociate and escalate internally under the Code","Ignore the fact pattern because it is only a teaching case","Guarantee the client a specific investment outcome","Share the exam question with a colleague","A","This synthetic row exists so the review table can be virtualized; the explanation is long enough to avoid a weak-explanation warning."
"Synthetic review-row 4: a charterholder faces a professionalism fact pattern that requires identifying the correct Standard and the first required action in the circumstance described here.","Dissociate and escalate internally under the Code","Ignore the fact pattern because it is only a teaching case","Guarantee the client a specific investment outcome","Share the exam question with a colleague","A","This synthetic row exists so the review table can be virtualized; the explanation is long enough to avoid a weak-explanation warning."
"Synthetic review-row 5: a charterholder faces a professionalism fact pattern that requires identifying the correct Standard and the first required action in the circumstance described here.","Dissociate and escalate internally under the Code","Ignore the fact pattern because it is only a teaching case","Guarantee the client a specific investment outcome","Share the exam question with a colleague","A","This synthetic row exists so the review table can be virtualized; the explanation is long enough to avoid a weak-explanation warning."
"Synthetic review-row 6: a charterholder faces a professionalism fact pattern that requires identifying the correct Standard and the first required action in the circumstance described here.","Dissociate and escalate internally under the Code","Ignore the fact pattern because it is only a teaching case","Guarantee the client a specific investment outcome","Share the exam question with a colleague","A","This synthetic row exists so the review table can be virtualized; the explanation is long enough to avoid a weak-explanation warning."
"Synthetic review-row 7: a charterholder faces a professionalism fact pattern that requires identifying the correct Standard and the first required action in the circumstance described here.","Dissociate and escalate internally under the Code","Ignore the fact pattern because it is only a teaching case","Guarantee the client a specific investment outcome","Share the exam question with a colleague","A","This synthetic row exists so the review table can be virtualized; the explanation is long enough to avoid a weak-explanation warning."
"Synthetic review-row 8: a charterholder faces a professionalism fact pattern that requires identifying the correct Standard and the first required action in the circumstance described here.","Dissociate and escalate internally under the Code","Ignore the fact pattern because it is only a teaching case","Guarantee the client a specific investment outcome","Share the exam question with a colleague","A","This synthetic row exists so the review table can be virtualized; the explanation is long enough to avoid a weak-explanation warning."
"Synthetic review-row 9: a charterholder faces a professionalism fact pattern that requires identifying the correct Standard and the first required action in the circumstance described here.","Dissociate and escalate internally under the Code","Ignore the fact pattern because it is only a teaching case","Guarantee the client a specific investment outcome","Share the exam question with a colleague","A","This synthetic row exists so the review table can be virtualized; the explanation is long enough to avoid a weak-explanation warning."
"Synthetic review-row 10: a charterholder faces a professionalism fact pattern that requires identifying the correct Standard and the first required action in the circumstance described here.","Dissociate and escalate internally under the Code","Ignore the fact pattern because it is only a teaching case","Guarantee the client a specific investment outcome","Share the exam question with a colleague","A","This synthetic row exists so the review table can be virtualized; the explanation is long enough to avoid a weak-explanation warning."
"Synthetic review-row 11: a charterholder faces a professionalism fact pattern that requires identifying the correct Standard and the first required action in the circumstance described here.","Dissociate and escalate internally under the Code","Ignore the fact pattern because it is only a teaching case","Guarantee the client a specific investment outcome","Share the exam question with a colleague","A","This synthetic row exists so the review table can be virtualized; the explanation is long enough to avoid a weak-explanation warning."
"Synthetic review-row 12: a charterholder faces a professionalism fact pattern that requires identifying the correct Standard and the first required action in the circumstance described here.","Dissociate and escalate internally under the Code","Ignore the fact pattern because it is only a teaching case","Guarantee the client a specific investment outcome","Share the exam question with a colleague","A","This synthetic row exists so the review table can be virtualized; the explanation is long enough to avoid a weak-explanation warning."
"Synthetic review-row 13: a charterholder faces a professionalism fact pattern that requires identifying the correct Standard and the first required action in the circumstance described here.","Dissociate and escalate internally under the Code","Ignore the fact pattern because it is only a teaching case","Guarantee the client a specific investment outcome","Share the exam question with a colleague","A","This synthetic row exists so the review table can be virtualized; the explanation is long enough to avoid a weak-explanation warning."
"Synthetic review-row 14: a charterholder faces a professionalism fact pattern that requires identifying the correct Standard and the first required action in the circumstance described here.","Dissociate and escalate internally under the Code","Ignore the fact pattern because it is only a teaching case","Guarantee the client a specific investment outcome","Share the exam question with a colleague","A","This synthetic row exists so the review table can be virtualized; the explanation is long enough to avoid a weak-explanation warning."
"Synthetic review-row 15: a charterholder faces a professionalism fact pattern that requires identifying the correct Standard and the first required action in the circumstance described here.","Dissociate and escalate internally under the Code","Ignore the fact pattern because it is only a teaching case","Guarantee the client a specific investment outcome","Share the exam question with a colleague","A","This synthetic row exists so the review table can be virtualized; the explanation is long enough to avoid a weak-explanation warning."
"Synthetic review-row 16: a charterholder faces a professionalism fact pattern that requires identifying the correct Standard and the first required action in the circumstance described here.","Dissociate and escalate internally under the Code","Ignore the fact pattern because it is only a teaching case","Guarantee the client a specific investment outcome","Share the exam question with a colleague","A","This synthetic row exists so the review table can be virtualized; the explanation is long enough to avoid a weak-explanation warning."
"Synthetic review-row 17: a charterholder faces a professionalism fact pattern that requires identifying the correct Standard and the first required action in the circumstance described here.","Dissociate and escalate internally under the Code","Ignore the fact pattern because it is only a teaching case","Guarantee the client a specific investment outcome","Share the exam question with a colleague","A","This synthetic row exists so the review table can be virtualized; the explanation is long enough to avoid a weak-explanation warning."
"Synthetic review-row 18: a charterholder faces a professionalism fact pattern that requires identifying the correct Standard and the first required action in the circumstance described here.","Dissociate and escalate internally under the Code","Ignore the fact pattern because it is only a teaching case","Guarantee the client a specific investment outcome","Share the exam question with a colleague","A","This synthetic row exists so the review table can be virtualized; the explanation is long enough to avoid a weak-explanation warning."
"Synthetic review-row 19: a charterholder faces a professionalism fact pattern that requires identifying the correct Standard and the first required action in the circumstance described here.","Dissociate and escalate internally under the Code","Ignore the fact pattern because it is only a teaching case","Guarantee the client a specific investment outcome","Share the exam question with a colleague","A","This synthetic row exists so the review table can be virtualized; the explanation is long enough to avoid a weak-explanation warning."
"Synthetic review-row 20: a charterholder faces a professionalism fact pattern that requires identifying the correct Standard and the first required action in the circumstance described here.","Dissociate and escalate internally under the Code","Ignore the fact pattern because it is only a teaching case","Guarantee the client a specific investment outcome","Share the exam question with a colleague","A","This synthetic row exists so the review table can be virtualized; the explanation is long enough to avoid a weak-explanation warning."
"Synthetic review-row 21: a charterholder faces a professionalism fact pattern that requires identifying the correct Standard and the first required action in the circumstance described here.","Dissociate and escalate internally under the Code","Ignore the fact pattern because it is only a teaching case","Guarantee the client a specific investment outcome","Share the exam question with a colleague","A","This synthetic row exists so the review table can be virtualized; the explanation is long enough to avoid a weak-explanation warning."
"Synthetic review-row 22: a charterholder faces a professionalism fact pattern that requires identifying the correct Standard and the first required action in the circumstance described here.","Dissociate and escalate internally under the Code","Ignore the fact pattern because it is only a teaching case","Guarantee the client a specific investment outcome","Share the exam question with a colleague","A","This synthetic row exists so the review table can be virtualized; the explanation is long enough to avoid a weak-explanation warning."
"Synthetic review-row 23: a charterholder faces a professionalism fact pattern that requires identifying the correct Standard and the first required action in the circumstance described here.","Dissociate and escalate internally under the Code","Ignore the fact pattern because it is only a teaching case","Guarantee the client a specific investment outcome","Share the exam question with a colleague","A","This synthetic row exists so the review table can be virtualized; the explanation is long enough to avoid a weak-explanation warning."
"Synthetic review-row 24: a charterholder faces a professionalism fact pattern that requires identifying the correct Standard and the first required action in the circumstance described here.","Dissociate and escalate internally under the Code","Ignore the fact pattern because it is only a teaching case","Guarantee the client a specific investment outcome","Share the exam question with a colleague","A","This synthetic row exists so the review table can be virtualized; the explanation is long enough to avoid a weak-explanation warning."
"Synthetic review-row 25: a charterholder faces a professionalism fact pattern that requires identifying the correct Standard and the first required action in the circumstance described here.","Dissociate and escalate internally under the Code","Ignore the fact pattern because it is only a teaching case","Guarantee the client a specific investment outcome","Share the exam question with a colleague","A","This synthetic row exists so the review table can be virtualized; the explanation is long enough to avoid a weak-explanation warning."
"Synthetic review-row 26: a charterholder faces a professionalism fact pattern that requires identifying the correct Standard and the first required action in the circumstance described here.","Dissociate and escalate internally under the Code","Ignore the fact pattern because it is only a teaching case","Guarantee the client a specific investment outcome","Share the exam question with a colleague","A","This synthetic row exists so the review table can be virtualized; the explanation is long enough to avoid a weak-explanation warning."
"Synthetic review-row 27: a charterholder faces a professionalism fact pattern that requires identifying the correct Standard and the first required action in the circumstance described here.","Dissociate and escalate internally under the Code","Ignore the fact pattern because it is only a teaching case","Guarantee the client a specific investment outcome","Share the exam question with a colleague","A","This synthetic row exists so the review table can be virtualized; the explanation is long enough to avoid a weak-explanation warning."
"Synthetic review-row 28: a charterholder faces a professionalism fact pattern that requires identifying the correct Standard and the first required action in the circumstance described here.","Dissociate and escalate internally under the Code","Ignore the fact pattern because it is only a teaching case","Guarantee the client a specific investment outcome","Share the exam question with a colleague","A","This synthetic row exists so the review table can be virtualized; the explanation is long enough to avoid a weak-explanation warning."
"Synthetic review-row 29: a charterholder faces a professionalism fact pattern that requires identifying the correct Standard and the first required action in the circumstance described here.","Dissociate and escalate internally under the Code","Ignore the fact pattern because it is only a teaching case","Guarantee the client a specific investment outcome","Share the exam question with a colleague","A","This synthetic row exists so the review table can be virtualized; the explanation is long enough to avoid a weak-explanation warning."
"Synthetic review-row 30: a charterholder faces a professionalism fact pattern that requires identifying the correct Standard and the first required action in the circumstance described here.","Dissociate and escalate internally under the Code","Ignore the fact pattern because it is only a teaching case","Guarantee the client a specific investment outcome","Share the exam question with a colleague","A","This synthetic row exists so the review table can be virtualized; the explanation is long enough to avoid a weak-explanation warning."
"Synthetic review-row 31: a charterholder faces a professionalism fact pattern that requires identifying the correct Standard and the first required action in the circumstance described here.","Dissociate and escalate internally under the Code","Ignore the fact pattern because it is only a teaching case","Guarantee the client a specific investment outcome","Share the exam question with a colleague","A","This synthetic row exists so the review table can be virtualized; the explanation is long enough to avoid a weak-explanation warning."
"Synthetic review-row 32: a charterholder faces a professionalism fact pattern that requires identifying the correct Standard and the first required action in the circumstance described here.","Dissociate and escalate internally under the Code","Ignore the fact pattern because it is only a teaching case","Guarantee the client a specific investment outcome","Share the exam question with a colleague","A","This synthetic row exists so the review table can be virtualized; the explanation is long enough to avoid a weak-explanation warning."
"Synthetic review-row 33: a charterholder faces a professionalism fact pattern that requires identifying the correct Standard and the first required action in the circumstance described here.","Dissociate and escalate internally under the Code","Ignore the fact pattern because it is only a teaching case","Guarantee the client a specific investment outcome","Share the exam question with a colleague","A","This synthetic row exists so the review table can be virtualized; the explanation is long enough to avoid a weak-explanation warning."
"Synthetic review-row 34: a charterholder faces a professionalism fact pattern that requires identifying the correct Standard and the first required action in the circumstance described here.","Dissociate and escalate internally under the Code","Ignore the fact pattern because it is only a teaching case","Guarantee the client a specific investment outcome","Share the exam question with a colleague","A","This synthetic row exists so the review table can be virtualized; the explanation is long enough to avoid a weak-explanation warning."
"Synthetic review-row 35: a charterholder faces a professionalism fact pattern that requires identifying the correct Standard and the first required action in the circumstance described here.","Dissociate and escalate internally under the Code","Ignore the fact pattern because it is only a teaching case","Guarantee the client a specific investment outcome","Share the exam question with a colleague","A","This synthetic row exists so the review table can be virtualized; the explanation is long enough to avoid a weak-explanation warning."
"Synthetic review-row 36: a charterholder faces a professionalism fact pattern that requires identifying the correct Standard and the first required action in the circumstance described here.","Dissociate and escalate internally under the Code","Ignore the fact pattern because it is only a teaching case","Guarantee the client a specific investment outcome","Share the exam question with a colleague","A","This synthetic row exists so the review table can be virtualized; the explanation is long enough to avoid a weak-explanation warning."
"Synthetic review-row 37: a charterholder faces a professionalism fact pattern that requires identifying the correct Standard and the first required action in the circumstance described here.","Dissociate and escalate internally under the Code","Ignore the fact pattern because it is only a teaching case","Guarantee the client a specific investment outcome","Share the exam question with a colleague","A","This synthetic row exists so the review table can be virtualized; the explanation is long enough to avoid a weak-explanation warning."
"Synthetic review-row 38: a charterholder faces a professionalism fact pattern that requires identifying the correct Standard and the first required action in the circumstance described here.","Dissociate and escalate internally under the Code","Ignore the fact pattern because it is only a teaching case","Guarantee the client a specific investment outcome","Share the exam question with a colleague","A","This synthetic row exists so the review table can be virtualized; the explanation is long enough to avoid a weak-explanation warning."
"Synthetic review-row 39: a charterholder faces a professionalism fact pattern that requires identifying the correct Standard and the first required action in the circumstance described here.","Dissociate and escalate internally under the Code","Ignore the fact pattern because it is only a teaching case","Guarantee the client a specific investment outcome","Share the exam question with a colleague","A","This synthetic row exists so the review table can be virtualized; the explanation is long enough to avoid a weak-explanation warning."
"Synthetic review-row 40: a charterholder faces a professionalism fact pattern that requires identifying the correct Standard and the first required action in the circumstance described here.","Dissociate and escalate internally under the Code","Ignore the fact pattern because it is only a teaching case","Guarantee the client a specific investment outcome","Share the exam question with a colleague","A","This synthetic row exists so the review table can be virtualized; the explanation is long enough to avoid a weak-explanation warning."
"Synthetic review-row 41: a charterholder faces a professionalism fact pattern that requires identifying the correct Standard and the first required action in the circumstance described here.","Dissociate and escalate internally under the Code","Ignore the fact pattern because it is only a teaching case","Guarantee the client a specific investment outcome","Share the exam question with a colleague","A","This synthetic row exists so the review table can be virtualized; the explanation is long enough to avoid a weak-explanation warning."
"Synthetic review-row 42: a charterholder faces a professionalism fact pattern that requires identifying the correct Standard and the first required action in the circumstance described here.","Dissociate and escalate internally under the Code","Ignore the fact pattern because it is only a teaching case","Guarantee the client a specific investment outcome","Share the exam question with a colleague","A","This synthetic row exists so the review table can be virtualized; the explanation is long enough to avoid a weak-explanation warning."
"Synthetic review-row 43: a charterholder faces a professionalism fact pattern that requires identifying the correct Standard and the first required action in the circumstance described here.","Dissociate and escalate internally under the Code","Ignore the fact pattern because it is only a teaching case","Guarantee the client a specific investment outcome","Share the exam question with a colleague","A","This synthetic row exists so the review table can be virtualized; the explanation is long enough to avoid a weak-explanation warning."
"Synthetic review-row 44: a charterholder faces a professionalism fact pattern that requires identifying the correct Standard and the first required action in the circumstance described here.","Dissociate and escalate internally under the Code","Ignore the fact pattern because it is only a teaching case","Guarantee the client a specific investment outcome","Share the exam question with a colleague","A","This synthetic row exists so the review table can be virtualized; the explanation is long enough to avoid a weak-explanation warning."
"Synthetic review-row 45: a charterholder faces a professionalism fact pattern that requires identifying the correct Standard and the first required action in the circumstance described here.","Dissociate and escalate internally under the Code","Ignore the fact pattern because it is only a teaching case","Guarantee the client a specific investment outcome","Share the exam question with a colleague","A","This synthetic row exists so the review table can be virtualized; the explanation is long enough to avoid a weak-explanation warning."
"Synthetic review-row 46: a charterholder faces a professionalism fact pattern that requires identifying the correct Standard and the first required action in the circumstance described here.","Dissociate and escalate internally under the Code","Ignore the fact pattern because it is only a teaching case","Guarantee the client a specific investment outcome","Share the exam question with a colleague","A","This synthetic row exists so the review table can be virtualized; the explanation is long enough to avoid a weak-explanation warning."
"Synthetic review-row 47: a charterholder faces a professionalism fact pattern that requires identifying the correct Standard and the first required action in the circumstance described here.","Dissociate and escalate internally under the Code","Ignore the fact pattern because it is only a teaching case","Guarantee the client a specific investment outcome","Share the exam question with a colleague","A","This synthetic row exists so the review table can be virtualized; the explanation is long enough to avoid a weak-explanation warning."
"Synthetic review-row 48: a charterholder faces a professionalism fact pattern that requires identifying the correct Standard and the first required action in the circumstance described here.","Dissociate and escalate internally under the Code","Ignore the fact pattern because it is only a teaching case","Guarantee the client a specific investment outcome","Share the exam question with a colleague","A","This synthetic row exists so the review table can be virtualized; the explanation is long enough to avoid a weak-explanation warning."
"Synthetic review-row 49: a charterholder faces a professionalism fact pattern that requires identifying the correct Standard and the first required action in the circumstance described here.","Dissociate and escalate internally under the Code","Ignore the fact pattern because it is only a teaching case","Guarantee the client a specific investment outcome","Share the exam question with a colleague","A","This synthetic row exists so the review table can be virtualized; the explanation is long enough to avoid a weak-explanation warning."
"Synthetic review-row 50: a charterholder faces a professionalism fact pattern that requires identifying the correct Standard and the first required action in the circumstance described here.","Dissociate and escalate internally under the Code","Ignore the fact pattern because it is only a teaching case","Guarantee the client a specific investment outcome","Share the exam question with a colleague","A","This synthetic row exists so the review table can be virtualized; the explanation is long enough to avoid a weak-explanation warning."
"Synthetic review-row 51: a charterholder faces a professionalism fact pattern that requires identifying the correct Standard and the first required action in the circumstance described here.","Dissociate and escalate internally under the Code","Ignore the fact pattern because it is only a teaching case","Guarantee the client a specific investment outcome","Share the exam question with a colleague","A","This synthetic row exists so the review table can be virtualized; the explanation is long enough to avoid a weak-explanation warning."
"Synthetic review-row 52: a charterholder faces a professionalism fact pattern that requires identifying the correct Standard and the first required action in the circumstance described here.","Dissociate and escalate internally under the Code","Ignore the fact pattern because it is only a teaching case","Guarantee the client a specific investment outcome","Share the exam question with a colleague","A","This synthetic row exists so the review table can be virtualized; the explanation is long enough to avoid a weak-explanation warning."
"Synthetic review-row 53: a charterholder faces a professionalism fact pattern that requires identifying the correct Standard and the first required action in the circumstance described here.","Dissociate and escalate internally under the Code","Ignore the fact pattern because it is only a teaching case","Guarantee the client a specific investment outcome","Share the exam question with a colleague","A","This synthetic row exists so the review table can be virtualized; the explanation is long enough to avoid a weak-explanation warning."
"Synthetic review-row 54: a charterholder faces a professionalism fact pattern that requires identifying the correct Standard and the first required action in the circumstance described here.","Dissociate and escalate internally under the Code","Ignore the fact pattern because it is only a teaching case","Guarantee the client a specific investment outcome","Share the exam question with a colleague","A","This synthetic row exists so the review table can be virtualized; the explanation is long enough to avoid a weak-explanation warning."
"Synthetic review-row 55: a charterholder faces a professionalism fact pattern that requires identifying the correct Standard and the first required action in the circumstance described here.","Dissociate and escalate internally under the Code","Ignore the fact pattern because it is only a teaching case","Guarantee the client a specific investment outcome","Share the exam question with a colleague","A","This synthetic row exists so the review table can be virtualized; the explanation is long enough to avoid a weak-explanation warning."
"Synthetic review-row 56: a charterholder faces a professionalism fact pattern that requires identifying the correct Standard and the first required action in the circumstance described here.","Dissociate and escalate internally under the Code","Ignore the fact pattern because it is only a teaching case","Guarantee the client a specific investment outcome","Share the exam question with a colleague","A","This synthetic row exists so the review table can be virtualized; the explanation is long enough to avoid a weak-explanation warning."
"Synthetic review-row 57: a charterholder faces a professionalism fact pattern that requires identifying the correct Standard and the first required action in the circumstance described here.","Dissociate and escalate internally under the Code","Ignore the fact pattern because it is only a teaching case","Guarantee the client a specific investment outcome","Share the exam question with a colleague","A","This synthetic row exists so the review table can be virtualized; the explanation is long enough to avoid a weak-explanation warning."
"Synthetic review-row 58: a charterholder faces a professionalism fact pattern that requires identifying the correct Standard and the first required action in the circumstance described here.","Dissociate and escalate internally under the Code","Ignore the fact pattern because it is only a teaching case","Guarantee the client a specific investment outcome","Share the exam question with a colleague","A","This synthetic row exists so the review table can be virtualized; the explanation is long enough to avoid a weak-explanation warning."
"Synthetic review-row 59: a charterholder faces a professionalism fact pattern that requires identifying the correct Standard and the first required action in the circumstance described here.","Dissociate and escalate internally under the Code","Ignore the fact pattern because it is only a teaching case","Guarantee the client a specific investment outcome","Share the exam question with a colleague","A","This synthetic row exists so the review table can be virtualized; the explanation is long enough to avoid a weak-explanation warning."
"Synthetic review-row 60: a charterholder faces a professionalism fact pattern that requires identifying the correct Standard and the first required action in the circumstance described here.","Dissociate and escalate internally under the Code","Ignore the fact pattern because it is only a teaching case","Guarantee the client a specific investment outcome","Share the exam question with a colleague","A","This synthetic row exists so the review table can be virtualized; the explanation is long enough to avoid a weak-explanation warning."
"Synthetic review-row 61: a charterholder faces a professionalism fact pattern that requires identifying the correct Standard and the first required action in the circumstance described here.","Dissociate and escalate internally under the Code","Ignore the fact pattern because it is only a teaching case","Guarantee the client a specific investment outcome","Share the exam question with a colleague","A","This synthetic row exists so the review table can be virtualized; the explanation is long enough to avoid a weak-explanation warning."
"Synthetic review-row 62: a charterholder faces a professionalism fact pattern that requires identifying the correct Standard and the first required action in the circumstance described here.","Dissociate and escalate internally under the Code","Ignore the fact pattern because it is only a teaching case","Guarantee the client a specific investment outcome","Share the exam question with a colleague","A","This synthetic row exists so the review table can be virtualized; the explanation is long enough to avoid a weak-explanation warning."
"Synthetic review-row 63: a charterholder faces a professionalism fact pattern that requires identifying the correct Standard and the first required action in the circumstance described here.","Dissociate and escalate internally under the Code","Ignore the fact pattern because it is only a teaching case","Guarantee the client a specific investment outcome","Share the exam question with a colleague","A","This synthetic row exists so the review table can be virtualized; the explanation is long enough to avoid a weak-explanation warning."
"Synthetic review-row 64: a charterholder faces a professionalism fact pattern that requires identifying the correct Standard and the first required action in the circumstance described here.","Dissociate and escalate internally under the Code","Ignore the fact pattern because it is only a teaching case","Guarantee the client a specific investment outcome","Share the exam question with a colleague","A","This synthetic row exists so the review table can be virtualized; the explanation is long enough to avoid a weak-explanation warning."
"Synthetic review-row 65: a charterholder faces a professionalism fact pattern that requires identifying the correct Standard and the first required action in the circumstance described here.","Dissociate and escalate internally under the Code","Ignore the fact pattern because it is only a teaching case","Guarantee the client a specific investment outcome","Share the exam question with a colleague","A","This synthetic row exists so the review table can be virtualized; the explanation is long enough to avoid a weak-explanation warning."
"Synthetic review-row 66: a charterholder faces a professionalism fact pattern that requires identifying the correct Standard and the first required action in the circumstance described here.","Dissociate and escalate internally under the Code","Ignore the fact pattern because it is only a teaching case","Guarantee the client a specific investment outcome","Share the exam question with a colleague","A","This synthetic row exists so the review table can be virtualized; the explanation is long enough to avoid a weak-explanation warning."
"Synthetic review-row 67: a charterholder faces a professionalism fact pattern that requires identifying the correct Standard and the first required action in the circumstance described here.","Dissociate and escalate internally under the Code","Ignore the fact pattern because it is only a teaching case","Guarantee the client a specific investment outcome","Share the exam question with a colleague","A","This synthetic row exists so the review table can be virtualized; the explanation is long enough to avoid a weak-explanation warning."
"Synthetic review-row 68: a charterholder faces a professionalism fact pattern that requires identifying the correct Standard and the first required action in the circumstance described here.","Dissociate and escalate internally under the Code","Ignore the fact pattern because it is only a teaching case","Guarantee the client a specific investment outcome","Share the exam question with a colleague","A","This synthetic row exists so the review table can be virtualized; the explanation is long enough to avoid a weak-explanation warning."
"Synthetic review-row 69: a charterholder faces a professionalism fact pattern that requires identifying the correct Standard and the first required action in the circumstance described here.","Dissociate and escalate internally under the Code","Ignore the fact pattern because it is only a teaching case","Guarantee the client a specific investment outcome","Share the exam question with a colleague","A","This synthetic row exists so the review table can be virtualized; the explanation is long enough to avoid a weak-explanation warning."
"Synthetic review-row 70: a charterholder faces a professionalism fact pattern that requires identifying the correct Standard and the first required action in the circumstance described here.","Dissociate and escalate internally under the Code","Ignore the fact pattern because it is only a teaching case","Guarantee the client a specific investment outcome","Share the exam question with a colleague","A","This synthetic row exists so the review table can be virtualized; the explanation is long enough to avoid a weak-explanation warning."
"Synthetic review-row 71: a charterholder faces a professionalism fact pattern that requires identifying the correct Standard and the first required action in the circumstance described here.","Dissociate and escalate internally under the Code","Ignore the fact pattern because it is only a teaching case","Guarantee the client a specific investment outcome","Share the exam question with a colleague","A","This synthetic row exists so the review table can be virtualized; the explanation is long enough to avoid a weak-explanation warning."
"Synthetic review-row 72: a charterholder faces a professionalism fact pattern that requires identifying the correct Standard and the first required action in the circumstance described here.","Dissociate and escalate internally under the Code","Ignore the fact pattern because it is only a teaching case","Guarantee the client a specific investment outcome","Share the exam question with a colleague","A","This synthetic row exists so the review table can be virtualized; the explanation is long enough to avoid a weak-explanation warning."
"Synthetic review-row 73: a charterholder faces a professionalism fact pattern that requires identifying the correct Standard and the first required action in the circumstance described here.","Dissociate and escalate internally under the Code","Ignore the fact pattern because it is only a teaching case","Guarantee the client a specific investment outcome","Share the exam question with a colleague","A","This synthetic row exists so the review table can be virtualized; the explanation is long enough to avoid a weak-explanation warning."
"Synthetic review-row 74: a charterholder faces a professionalism fact pattern that requires identifying the correct Standard and the first required action in the circumstance described here.","Dissociate and escalate internally under the Code","Ignore the fact pattern because it is only a teaching case","Guarantee the client a specific investment outcome","Share the exam question with a colleague","A","This synthetic row exists so the review table can be virtualized; the explanation is long enough to avoid a weak-explanation warning."
"Synthetic review-row 75: a charterholder faces a professionalism fact pattern that requires identifying the correct Standard and the first required action in the circumstance described here.","Dissociate and escalate internally under the Code","Ignore the fact pattern because it is only a teaching case","Guarantee the client a specific investment outcome","Share the exam question with a colleague","A","This synthetic row exists so the review table can be virtualized; the explanation is long enough to avoid a weak-explanation warning."
"Synthetic review-row 76: a charterholder faces a professionalism fact pattern that requires identifying the correct Standard and the first required action in the circumstance described here.","Dissociate and escalate internally under the Code","Ignore the fact pattern because it is only a teaching case","Guarantee the client a specific investment outcome","Share the exam question with a colleague","A","This synthetic row exists so the review table can be virtualized; the explanation is long enough to avoid a weak-explanation warning."
"Synthetic review-row 77: a charterholder faces a professionalism fact pattern that requires identifying the correct Standard and the first required action in the circumstance described here.","Dissociate and escalate internally under the Code","Ignore the fact pattern because it is only a teaching case","Guarantee the client a specific investment outcome","Share the exam question with a colleague","A","This synthetic row exists so the review table can be virtualized; the explanation is long enough to avoid a weak-explanation warning."
"Synthetic review-row 78: a charterholder faces a professionalism fact pattern that requires identifying the correct Standard and the first required action in the circumstance described here.","Dissociate and escalate internally under the Code","Ignore the fact pattern because it is only a teaching case","Guarantee the client a specific investment outcome","Share the exam question with a colleague","A","This synthetic row exists so the review table can be virtualized; the explanation is long enough to avoid a weak-explanation warning."
"Synthetic review-row 79: a charterholder faces a professionalism fact pattern that requires identifying the correct Standard and the first required action in the circumstance described here.","Dissociate and escalate internally under the Code","Ignore the fact pattern because it is only a teaching case","Guarantee the client a specific investment outcome","Share the exam question with a colleague","A","This synthetic row exists so the review table can be virtualized; the explanation is long enough to avoid a weak-explanation warning."
"Synthetic review-row 80: a charterholder faces a professionalism fact pattern that requires identifying the correct Standard and the first required action in the circumstance described here.","Dissociate and escalate internally under the Code","Ignore the fact pattern because it is only a teaching case","Guarantee the client a specific investment outcome","Share the exam question with a colleague","A","This synthetic row exists so the review table can be virtualized; the explanation is long enough to avoid a weak-explanation warning."
"Synthetic review-row 81: a charterholder faces a professionalism fact pattern that requires identifying the correct Standard and the first required action in the circumstance described here.","Dissociate and escalate internally under the Code","Ignore the fact pattern because it is only a teaching case","Guarantee the client a specific investment outcome","Share the exam question with a colleague","A","This synthetic row exists so the review table can be virtualized; the explanation is long enough to avoid a weak-explanation warning."
"Synthetic review-row 82: a charterholder faces a professionalism fact pattern that requires identifying the correct Standard and the first required action in the circumstance described here.","Dissociate and escalate internally under the Code","Ignore the fact pattern because it is only a teaching case","Guarantee the client a specific investment outcome","Share the exam question with a colleague","A","This synthetic row exists so the review table can be virtualized; the explanation is long enough to avoid a weak-explanation warning."
"Synthetic review-row 83: a charterholder faces a professionalism fact pattern that requires identifying the correct Standard and the first required action in the circumstance described here.","Dissociate and escalate internally under the Code","Ignore the fact pattern because it is only a teaching case","Guarantee the client a specific investment outcome","Share the exam question with a colleague","A","This synthetic row exists so the review table can be virtualized; the explanation is long enough to avoid a weak-explanation warning."
"Synthetic review-row 84: a charterholder faces a professionalism fact pattern that requires identifying the correct Standard and the first required action in the circumstance described here.","Dissociate and escalate internally under the Code","Ignore the fact pattern because it is only a teaching case","Guarantee the client a specific investment outcome","Share the exam question with a colleague","A","This synthetic row exists so the review table can be virtualized; the explanation is long enough to avoid a weak-explanation warning."
"Synthetic review-row 85: a charterholder faces a professionalism fact pattern that requires identifying the correct Standard and the first required action in the circumstance described here.","Dissociate and escalate internally under the Code","Ignore the fact pattern because it is only a teaching case","Guarantee the client a specific investment outcome","Share the exam question with a colleague","A","This synthetic row exists so the review table can be virtualized; the explanation is long enough to avoid a weak-explanation warning."
"Synthetic review-row 86: a charterholder faces a professionalism fact pattern that requires identifying the correct Standard and the first required action in the circumstance described here.","Dissociate and escalate internally under the Code","Ignore the fact pattern because it is only a teaching case","Guarantee the client a specific investment outcome","Share the exam question with a colleague","A","This synthetic row exists so the review table can be virtualized; the explanation is long enough to avoid a weak-explanation warning."
"Synthetic review-row 87: a charterholder faces a professionalism fact pattern that requires identifying the correct Standard and the first required action in the circumstance described here.","Dissociate and escalate internally under the Code","Ignore the fact pattern because it is only a teaching case","Guarantee the client a specific investment outcome","Share the exam question with a colleague","A","This synthetic row exists so the review table can be virtualized; the explanation is long enough to avoid a weak-explanation warning."
"Synthetic review-row 88: a charterholder faces a professionalism fact pattern that requires identifying the correct Standard and the first required action in the circumstance described here.","Dissociate and escalate internally under the Code","Ignore the fact pattern because it is only a teaching case","Guarantee the client a specific investment outcome","Share the exam question with a colleague","A","This synthetic row exists so the review table can be virtualized; the explanation is long enough to avoid a weak-explanation warning."
"Synthetic review-row 89: a charterholder faces a professionalism fact pattern that requires identifying the correct Standard and the first required action in the circumstance described here.","Dissociate and escalate internally under the Code","Ignore the fact pattern because it is only a teaching case","Guarantee the client a specific investment outcome","Share the exam question with a colleague","A","This synthetic row exists so the review table can be virtualized; the explanation is long enough to avoid a weak-explanation warning."
"Synthetic review-row 90: a charterholder faces a professionalism fact pattern that requires identifying the correct Standard and the first required action in the circumstance described here.","Dissociate and escalate internally under the Code","Ignore the fact pattern because it is only a teaching case","Guarantee the client a specific investment outcome","Share the exam question with a colleague","A","This synthetic row exists so the review table can be virtualized; the explanation is long enough to avoid a weak-explanation warning."
"Synthetic review-row 91: a charterholder faces a professionalism fact pattern that requires identifying the correct Standard and the first required action in the circumstance described here.","Dissociate and escalate internally under the Code","Ignore the fact pattern because it is only a teaching case","Guarantee the client a specific investment outcome","Share the exam question with a colleague","A","This synthetic row exists so the review table can be virtualized; the explanation is long enough to avoid a weak-explanation warning."
"Synthetic review-row 92: a charterholder faces a professionalism fact pattern that requires identifying the correct Standard and the first required action in the circumstance described here.","Dissociate and escalate internally under the Code","Ignore the fact pattern because it is only a teaching case","Guarantee the client a specific investment outcome","Share the exam question with a colleague","A","This synthetic row exists so the review table can be virtualized; the explanation is long enough to avoid a weak-explanation warning."
"Synthetic review-row 93: a charterholder faces a professionalism fact pattern that requires identifying the correct Standard and the first required action in the circumstance described here.","Dissociate and escalate internally under the Code","Ignore the fact pattern because it is only a teaching case","Guarantee the client a specific investment outcome","Share the exam question with a colleague","A","This synthetic row exists so the review table can be virtualized; the explanation is long enough to avoid a weak-explanation warning."
"Synthetic review-row 94: a charterholder faces a professionalism fact pattern that requires identifying the correct Standard and the first required action in the circumstance described here.","Dissociate and escalate internally under the Code","Ignore the fact pattern because it is only a teaching case","Guarantee the client a specific investment outcome","Share the exam question with a colleague","A","This synthetic row exists so the review table can be virtualized; the explanation is long enough to avoid a weak-explanation warning."
"Synthetic review-row 95: a charterholder faces a professionalism fact pattern that requires identifying the correct Standard and the first required action in the circumstance described here.","Dissociate and escalate internally under the Code","Ignore the fact pattern because it is only a teaching case","Guarantee the client a specific investment outcome","Share the exam question with a colleague","A","This synthetic row exists so the review table can be virtualized; the explanation is long enough to avoid a weak-explanation warning."
"Synthetic review-row 96: a charterholder faces a professionalism fact pattern that requires identifying the correct Standard and the first required action in the circumstance described here.","Dissociate and escalate internally under the Code","Ignore the fact pattern because it is only a teaching case","Guarantee the client a specific investment outcome","Share the exam question with a colleague","A","This synthetic row exists so the review table can be virtualized; the explanation is long enough to avoid a weak-explanation warning."
"Synthetic review-row 97: a charterholder faces a professionalism fact pattern that requires identifying the correct Standard and the first required action in the circumstance described here.","Dissociate and escalate internally under the Code","Ignore the fact pattern because it is only a teaching case","Guarantee the client a specific investment outcome","Share the exam question with a colleague","A","This synthetic row exists so the review table can be virtualized; the explanation is long enough to avoid a weak-explanation warning."
"Synthetic review-row 98: a charterholder faces a professionalism fact pattern that requires identifying the correct Standard and the first required action in the circumstance described here.","Dissociate and escalate internally under the Code","Ignore the fact pattern because it is only a teaching case","Guarantee the client a specific investment outcome","Share the exam question with a colleague","A","This synthetic row exists so the review table can be virtualized; the explanation is long enough to avoid a weak-explanation warning."
"Synthetic review-row 99: a charterholder faces a professionalism fact pattern that requires identifying the correct Standard and the first required action in the circumstance described here.","Dissociate and escalate internally under the Code","Ignore the fact pattern because it is only a teaching case","Guarantee the client a specific investment outcome","Share the exam question with a colleague","A","This synthetic row exists so the review table can be virtualized; the explanation is long enough to avoid a weak-explanation warning."
"Synthetic review-row 100: a charterholder faces a professionalism fact pattern that requires identifying the correct Standard and the first required action in the circumstance described here.","Dissociate and escalate internally under the Code","Ignore the fact pattern because it is only a teaching case","Guarantee the client a specific investment outcome","Share the exam question with a colleague","A","This synthetic row exists so the review table can be virtualized; the explanation is long enough to avoid a weak-explanation warning."
"Synthetic review-row 101: a charterholder faces a professionalism fact pattern that requires identifying the correct Standard and the first required action in the circumstance described here.","Dissociate and escalate internally under the Code","Ignore the fact pattern because it is only a teaching case","Guarantee the client a specific investment outcome","Share the exam question with a colleague","A","This synthetic row exists so the review table can be virtualized; the explanation is long enough to avoid a weak-explanation warning."
"Synthetic review-row 102: a charterholder faces a professionalism fact pattern that requires identifying the correct Standard and the first required action in the circumstance described here.","Dissociate and escalate internally under the Code","Ignore the fact pattern because it is only a teaching case","Guarantee the client a specific investment outcome","Share the exam question with a colleague","A","This synthetic row exists so the review table can be virtualized; the explanation is long enough to avoid a weak-explanation warning."
"Synthetic review-row 103: a charterholder faces a professionalism fact pattern that requires identifying the correct Standard and the first required action in the circumstance described here.","Dissociate and escalate internally under the Code","Ignore the fact pattern because it is only a teaching case","Guarantee the client a specific investment outcome","Share the exam question with a colleague","A","This synthetic row exists so the review table can be virtualized; the explanation is long enough to avoid a weak-explanation warning."
"Synthetic review-row 104: a charterholder faces a professionalism fact pattern that requires identifying the correct Standard and the first required action in the circumstance described here.","Dissociate and escalate internally under the Code","Ignore the fact pattern because it is only a teaching case","Guarantee the client a specific investment outcome","Share the exam question with a colleague","A","This synthetic row exists so the review table can be virtualized; the explanation is long enough to avoid a weak-explanation warning."
"Synthetic review-row 105: a charterholder faces a professionalism fact pattern that requires identifying the correct Standard and the first required action in the circumstance described here.","Dissociate and escalate internally under the Code","Ignore the fact pattern because it is only a teaching case","Guarantee the client a specific investment outcome","Share the exam question with a colleague","A","This synthetic row exists so the review table can be virtualized; the explanation is long enough to avoid a weak-explanation warning."
"Synthetic review-row 106: a charterholder faces a professionalism fact pattern that requires identifying the correct Standard and the first required action in the circumstance described here.","Dissociate and escalate internally under the Code","Ignore the fact pattern because it is only a teaching case","Guarantee the client a specific investment outcome","Share the exam question with a colleague","A","This synthetic row exists so the review table can be virtualized; the explanation is long enough to avoid a weak-explanation warning."
"Synthetic review-row 107: a charterholder faces a professionalism fact pattern that requires identifying the correct Standard and the first required action in the circumstance described here.","Dissociate and escalate internally under the Code","Ignore the fact pattern because it is only a teaching case","Guarantee the client a specific investment outcome","Share the exam question with a colleague","A","This synthetic row exists so the review table can be virtualized; the explanation is long enough to avoid a weak-explanation warning."
"Synthetic review-row 108: a charterholder faces a professionalism fact pattern that requires identifying the correct Standard and the first required action in the circumstance described here.","Dissociate and escalate internally under the Code","Ignore the fact pattern because it is only a teaching case","Guarantee the client a specific investment outcome","Share the exam question with a colleague","A","This synthetic row exists so the review table can be virtualized; the explanation is long enough to avoid a weak-explanation warning."
"Synthetic review-row 109: a charterholder faces a professionalism fact pattern that requires identifying the correct Standard and the first required action in the circumstance described here.","Dissociate and escalate internally under the Code","Ignore the fact pattern because it is only a teaching case","Guarantee the client a specific investment outcome","Share the exam question with a colleague","A","This synthetic row exists so the review table can be virtualized; the explanation is long enough to avoid a weak-explanation warning."
"Synthetic review-row 110: a charterholder faces a professionalism fact pattern that requires identifying the correct Standard and the first required action in the circumstance described here.","Dissociate and escalate internally under the Code","Ignore the fact pattern because it is only a teaching case","Guarantee the client a specific investment outcome","Share the exam question with a colleague","A","This synthetic row exists so the review table can be virtualized; the explanation is long enough to avoid a weak-explanation warning."
"Synthetic review-row 111: a charterholder faces a professionalism fact pattern that requires identifying the correct Standard and the first required action in the circumstance described here.","Dissociate and escalate internally under the Code","Ignore the fact pattern because it is only a teaching case","Guarantee the client a specific investment outcome","Share the exam question with a colleague","A","This synthetic row exists so the review table can be virtualized; the explanation is long enough to avoid a weak-explanation warning."
"Synthetic review-row 112: a charterholder faces a professionalism fact pattern that requires identifying the correct Standard and the first required action in the circumstance described here.","Dissociate and escalate internally under the Code","Ignore the fact pattern because it is only a teaching case","Guarantee the client a specific investment outcome","Share the exam question with a colleague","A","This synthetic row exists so the review table can be virtualized; the explanation is long enough to avoid a weak-explanation warning."
"Synthetic review-row 113: a charterholder faces a professionalism fact pattern that requires identifying the correct Standard and the first required action in the circumstance described here.","Dissociate and escalate internally under the Code","Ignore the fact pattern because it is only a teaching case","Guarantee the client a specific investment outcome","Share the exam question with a colleague","A","This synthetic row exists so the review table can be virtualized; the explanation is long enough to avoid a weak-explanation warning."
"Synthetic review-row 114: a charterholder faces a professionalism fact pattern that requires identifying the correct Standard and the first required action in the circumstance described here.","Dissociate and escalate internally under the Code","Ignore the fact pattern because it is only a teaching case","Guarantee the client a specific investment outcome","Share the exam question with a colleague","A","This synthetic row exists so the review table can be virtualized; the explanation is long enough to avoid a weak-explanation warning."
"Synthetic review-row 115: a charterholder faces a professionalism fact pattern that requires identifying the correct Standard and the first required action in the circumstance described here.","Dissociate and escalate internally under the Code","Ignore the fact pattern because it is only a teaching case","Guarantee the client a specific investment outcome","Share the exam question with a colleague","A","This synthetic row exists so the review table can be virtualized; the explanation is long enough to avoid a weak-explanation warning."
"Synthetic review-row 116: a charterholder faces a professionalism fact pattern that requires identifying the correct Standard and the first required action in the circumstance described here.","Dissociate and escalate internally under the Code","Ignore the fact pattern because it is only a teaching case","Guarantee the client a specific investment outcome","Share the exam question with a colleague","A","This synthetic row exists so the review table can be virtualized; the explanation is long enough to avoid a weak-explanation warning."
"Synthetic review-row 117: a charterholder faces a professionalism fact pattern that requires identifying the correct Standard and the first required action in the circumstance described here.","Dissociate and escalate internally under the Code","Ignore the fact pattern because it is only a teaching case","Guarantee the client a specific investment outcome","Share the exam question with a colleague","A","This synthetic row exists so the review table can be virtualized; the explanation is long enough to avoid a weak-explanation warning."
"Synthetic review-row 118: a charterholder faces a professionalism fact pattern that requires identifying the correct Standard and the first required action in the circumstance described here.","Dissociate and escalate internally under the Code","Ignore the fact pattern because it is only a teaching case","Guarantee the client a specific investment outcome","Share the exam question with a colleague","A","This synthetic row exists so the review table can be virtualized; the explanation is long enough to avoid a weak-explanation warning."
"Synthetic review-row 119: a charterholder faces a professionalism fact pattern that requires identifying the correct Standard and the first required action in the circumstance described here.","Dissociate and escalate internally under the Code","Ignore the fact pattern because it is only a teaching case","Guarantee the client a specific investment outcome","Share the exam question with a colleague","A","This synthetic row exists so the review table can be virtualized; the explanation is long enough to avoid a weak-explanation warning."
"Synthetic review-row 120: a charterholder faces a professionalism fact pattern that requires identifying the correct Standard and the first required action in the circumstance described here.","Dissociate and escalate internally under the Code","Ignore the fact pattern because it is only a teaching case","Guarantee the client a specific investment outcome","Share the exam question with a colleague","A","This synthetic row exists so the review table can be virtualized; the explanation is long enough to avoid a weak-explanation warning."
"Synthetic review-row 121: a charterholder faces a professionalism fact pattern that requires identifying the correct Standard and the first required action in the circumstance described here.","Dissociate and escalate internally under the Code","Ignore the fact pattern because it is only a teaching case","Guarantee the client a specific investment outcome","Share the exam question with a colleague","A","This synthetic row exists so the review table can be virtualized; the explanation is long enough to avoid a weak-explanation warning."
"Synthetic review-row 122: a charterholder faces a professionalism fact pattern that requires identifying the correct Standard and the first required action in the circumstance described here.","Dissociate and escalate internally under the Code","Ignore the fact pattern because it is only a teaching case","Guarantee the client a specific investment outcome","Share the exam question with a colleague","A","This synthetic row exists so the review table can be virtualized; the explanation is long enough to avoid a weak-explanation warning."
"Synthetic review-row 123: a charterholder faces a professionalism fact pattern that requires identifying the correct Standard and the first required action in the circumstance described here.","Dissociate and escalate internally under the Code","Ignore the fact pattern because it is only a teaching case","Guarantee the client a specific investment outcome","Share the exam question with a colleague","A","This synthetic row exists so the review table can be virtualized; the explanation is long enough to avoid a weak-explanation warning."
"Synthetic review-row 124: a charterholder faces a professionalism fact pattern that requires identifying the correct Standard and the first required action in the circumstance described here.","Dissociate and escalate internally under the Code","Ignore the fact pattern because it is only a teaching case","Guarantee the client a specific investment outcome","Share the exam question with a colleague","A","This synthetic row exists so the review table can be virtualized; the explanation is long enough to avoid a weak-explanation warning."
"Synthetic review-row 125: a charterholder faces a professionalism fact pattern that requires identifying the correct Standard and the first required action in the circumstance described here.","Dissociate and escalate internally under the Code","Ignore the fact pattern because it is only a teaching case","Guarantee the client a specific investment outcome","Share the exam question with a colleague","A","This synthetic row exists so the review table can be virtualized; the explanation is long enough to avoid a weak-explanation warning."
"Synthetic review-row 126: a charterholder faces a professionalism fact pattern that requires identifying the correct Standard and the first required action in the circumstance described here.","Dissociate and escalate internally under the Code","Ignore the fact pattern because it is only a teaching case","Guarantee the client a specific investment outcome","Share the exam question with a colleague","A","This synthetic row exists so the review table can be virtualized; the explanation is long enough to avoid a weak-explanation warning."
"Synthetic review-row 127: a charterholder faces a professionalism fact pattern that requires identifying the correct Standard and the first required action in the circumstance described here.","Dissociate and escalate internally under the Code","Ignore the fact pattern because it is only a teaching case","Guarantee the client a specific investment outcome","Share the exam question with a colleague","A","This synthetic row exists so the review table can be virtualized; the explanation is long enough to avoid a weak-explanation warning."
"Synthetic review-row 128: a charterholder faces a professionalism fact pattern that requires identifying the correct Standard and the first required action in the circumstance described here.","Dissociate and escalate internally under the Code","Ignore the fact pattern because it is only a teaching case","Guarantee the client a specific investment outcome","Share the exam question with a colleague","A","This synthetic row exists so the review table can be virtualized; the explanation is long enough to avoid a weak-explanation warning."
"Synthetic review-row 129: a charterholder faces a professionalism fact pattern that requires identifying the correct Standard and the first required action in the circumstance described here.","Dissociate and escalate internally under the Code","Ignore the fact pattern because it is only a teaching case","Guarantee the client a specific investment outcome","Share the exam question with a colleague","A","This synthetic row exists so the review table can be virtualized; the explanation is long enough to avoid a weak-explanation warning."
"Synthetic review-row 130: a charterholder faces a professionalism fact pattern that requires identifying the correct Standard and the first required action in the circumstance described here.","Dissociate and escalate internally under the Code","Ignore the fact pattern because it is only a teaching case","Guarantee the client a specific investment outcome","Share the exam question with a colleague","A","This synthetic row exists so the review table can be virtualized; the explanation is long enough to avoid a weak-explanation warning."
"Synthetic review-row 131: a charterholder faces a professionalism fact pattern that requires identifying the correct Standard and the first required action in the circumstance described here.","Dissociate and escalate internally under the Code","Ignore the fact pattern because it is only a teaching case","Guarantee the client a specific investment outcome","Share the exam question with a colleague","A","This synthetic row exists so the review table can be virtualized; the explanation is long enough to avoid a weak-explanation warning."
"Synthetic review-row 132: a charterholder faces a professionalism fact pattern that requires identifying the correct Standard and the first required action in the circumstance described here.","Dissociate and escalate internally under the Code","Ignore the fact pattern because it is only a teaching case","Guarantee the client a specific investment outcome","Share the exam question with a colleague","A","This synthetic row exists so the review table can be virtualized; the explanation is long enough to avoid a weak-explanation warning."
"Synthetic review-row 133: a charterholder faces a professionalism fact pattern that requires identifying the correct Standard and the first required action in the circumstance described here.","Dissociate and escalate internally under the Code","Ignore the fact pattern because it is only a teaching case","Guarantee the client a specific investment outcome","Share the exam question with a colleague","A","This synthetic row exists so the review table can be virtualized; the explanation is long enough to avoid a weak-explanation warning."
"Synthetic review-row 134: a charterholder faces a professionalism fact pattern that requires identifying the correct Standard and the first required action in the circumstance described here.","Dissociate and escalate internally under the Code","Ignore the fact pattern because it is only a teaching case","Guarantee the client a specific investment outcome","Share the exam question with a colleague","A","This synthetic row exists so the review table can be virtualized; the explanation is long enough to avoid a weak-explanation warning."
"Synthetic review-row 135: a charterholder faces a professionalism fact pattern that requires identifying the correct Standard and the first required action in the circumstance described here.","Dissociate and escalate internally under the Code","Ignore the fact pattern because it is only a teaching case","Guarantee the client a specific investment outcome","Share the exam question with a colleague","A","This synthetic row exists so the review table can be virtualized; the explanation is long enough to avoid a weak-explanation warning."
"Synthetic review-row 136: a charterholder faces a professionalism fact pattern that requires identifying the correct Standard and the first required action in the circumstance described here.","Dissociate and escalate internally under the Code","Ignore the fact pattern because it is only a teaching case","Guarantee the client a specific investment outcome","Share the exam question with a colleague","A","This synthetic row exists so the review table can be virtualized; the explanation is long enough to avoid a weak-explanation warning."
"Synthetic review-row 137: a charterholder faces a professionalism fact pattern that requires identifying the correct Standard and the first required action in the circumstance described here.","Dissociate and escalate internally under the Code","Ignore the fact pattern because it is only a teaching case","Guarantee the client a specific investment outcome","Share the exam question with a colleague","A","This synthetic row exists so the review table can be virtualized; the explanation is long enough to avoid a weak-explanation warning."
"Synthetic review-row 138: a charterholder faces a professionalism fact pattern that requires identifying the correct Standard and the first required action in the circumstance described here.","Dissociate and escalate internally under the Code","Ignore the fact pattern because it is only a teaching case","Guarantee the client a specific investment outcome","Share the exam question with a colleague","A","This synthetic row exists so the review table can be virtualized; the explanation is long enough to avoid a weak-explanation warning."
"Synthetic review-row 139: a charterholder faces a professionalism fact pattern that requires identifying the correct Standard and the first required action in the circumstance described here.","Dissociate and escalate internally under the Code","Ignore the fact pattern because it is only a teaching case","Guarantee the client a specific investment outcome","Share the exam question with a colleague","A","This synthetic row exists so the review table can be virtualized; the explanation is long enough to avoid a weak-explanation warning."
"Synthetic review-row 140: a charterholder faces a professionalism fact pattern that requires identifying the correct Standard and the first required action in the circumstance described here.","Dissociate and escalate internally under the Code","Ignore the fact pattern because it is only a teaching case","Guarantee the client a specific investment outcome","Share the exam question with a colleague","A","This synthetic row exists so the review table can be virtualized; the explanation is long enough to avoid a weak-explanation warning."
"Synthetic review-row 141: a charterholder faces a professionalism fact pattern that requires identifying the correct Standard and the first required action in the circumstance described here.","Dissociate and escalate internally under the Code","Ignore the fact pattern because it is only a teaching case","Guarantee the client a specific investment outcome","Share the exam question with a colleague","A","This synthetic row exists so the review table can be virtualized; the explanation is long enough to avoid a weak-explanation warning."
"Synthetic review-row 142: a charterholder faces a professionalism fact pattern that requires identifying the correct Standard and the first required action in the circumstance described here.","Dissociate and escalate internally under the Code","Ignore the fact pattern because it is only a teaching case","Guarantee the client a specific investment outcome","Share the exam question with a colleague","A","This synthetic row exists so the review table can be virtualized; the explanation is long enough to avoid a weak-explanation warning."
"Synthetic review-row 143: a charterholder faces a professionalism fact pattern that requires identifying the correct Standard and the first required action in the circumstance described here.","Dissociate and escalate internally under the Code","Ignore the fact pattern because it is only a teaching case","Guarantee the client a specific investment outcome","Share the exam question with a colleague","A","This synthetic row exists so the review table can be virtualized; the explanation is long enough to avoid a weak-explanation warning."
"Synthetic review-row 144: a charterholder faces a professionalism fact pattern that requires identifying the correct Standard and the first required action in the circumstance described here.","Dissociate and escalate internally under the Code","Ignore the fact pattern because it is only a teaching case","Guarantee the client a specific investment outcome","Share the exam question with a colleague","A","This synthetic row exists so the review table can be virtualized; the explanation is long enough to avoid a weak-explanation warning."
"Synthetic review-row 145: a charterholder faces a professionalism fact pattern that requires identifying the correct Standard and the first required action in the circumstance described here.","Dissociate and escalate internally under the Code","Ignore the fact pattern because it is only a teaching case","Guarantee the client a specific investment outcome","Share the exam question with a colleague","A","This synthetic row exists so the review table can be virtualized; the explanation is long enough to avoid a weak-explanation warning."
"Synthetic review-row 146: a charterholder faces a professionalism fact pattern that requires identifying the correct Standard and the first required action in the circumstance described here.","Dissociate and escalate internally under the Code","Ignore the fact pattern because it is only a teaching case","Guarantee the client a specific investment outcome","Share the exam question with a colleague","A","This synthetic row exists so the review table can be virtualized; the explanation is long enough to avoid a weak-explanation warning."
"Synthetic review-row 147: a charterholder faces a professionalism fact pattern that requires identifying the correct Standard and the first required action in the circumstance described here.","Dissociate and escalate internally under the Code","Ignore the fact pattern because it is only a teaching case","Guarantee the client a specific investment outcome","Share the exam question with a colleague","A","This synthetic row exists so the review table can be virtualized; the explanation is long enough to avoid a weak-explanation warning."
"Synthetic review-row 148: a charterholder faces a professionalism fact pattern that requires identifying the correct Standard and the first required action in the circumstance described here.","Dissociate and escalate internally under the Code","Ignore the fact pattern because it is only a teaching case","Guarantee the client a specific investment outcome","Share the exam question with a colleague","A","This synthetic row exists so the review table can be virtualized; the explanation is long enough to avoid a weak-explanation warning."
"Synthetic review-row 149: a charterholder faces a professionalism fact pattern that requires identifying the correct Standard and the first required action in the circumstance described here.","Dissociate and escalate internally under the Code","Ignore the fact pattern because it is only a teaching case","Guarantee the client a specific investment outcome","Share the exam question with a colleague","A","This synthetic row exists so the review table can be virtualized; the explanation is long enough to avoid a weak-explanation warning."
"Synthetic review-row 150: a charterholder faces a professionalism fact pattern that requires identifying the correct Standard and the first required action in the circumstance described here.","Dissociate and escalate internally under the Code","Ignore the fact pattern because it is only a teaching case","Guarantee the client a specific investment outcome","Share the exam question with a colleague","A","This synthetic row exists so the review table can be virtualized; the explanation is long enough to avoid a weak-explanation warning."
"Synthetic review-row 151: a charterholder faces a professionalism fact pattern that requires identifying the correct Standard and the first required action in the circumstance described here.","Dissociate and escalate internally under the Code","Ignore the fact pattern because it is only a teaching case","Guarantee the client a specific investment outcome","Share the exam question with a colleague","A","This synthetic row exists so the review table can be virtualized; the explanation is long enough to avoid a weak-explanation warning."
"Synthetic review-row 152: a charterholder faces a professionalism fact pattern that requires identifying the correct Standard and the first required action in the circumstance described here.","Dissociate and escalate internally under the Code","Ignore the fact pattern because it is only a teaching case","Guarantee the client a specific investment outcome","Share the exam question with a colleague","A","This synthetic row exists so the review table can be virtualized; the explanation is long enough to avoid a weak-explanation warning."
"Synthetic review-row 153: a charterholder faces a professionalism fact pattern that requires identifying the correct Standard and the first required action in the circumstance described here.","Dissociate and escalate internally under the Code","Ignore the fact pattern because it is only a teaching case","Guarantee the client a specific investment outcome","Share the exam question with a colleague","A","This synthetic row exists so the review table can be virtualized; the explanation is long enough to avoid a weak-explanation warning."
"Synthetic review-row 154: a charterholder faces a professionalism fact pattern that requires identifying the correct Standard and the first required action in the circumstance described here.","Dissociate and escalate internally under the Code","Ignore the fact pattern because it is only a teaching case","Guarantee the client a specific investment outcome","Share the exam question with a colleague","A","This synthetic row exists so the review table can be virtualized; the explanation is long enough to avoid a weak-explanation warning."
"Synthetic review-row 155: a charterholder faces a professionalism fact pattern that requires identifying the correct Standard and the first required action in the circumstance described here.","Dissociate and escalate internally under the Code","Ignore the fact pattern because it is only a teaching case","Guarantee the client a specific investment outcome","Share the exam question with a colleague","A","This synthetic row exists so the review table can be virtualized; the explanation is long enough to avoid a weak-explanation warning."
"Synthetic review-row 156: a charterholder faces a professionalism fact pattern that requires identifying the correct Standard and the first required action in the circumstance described here.","Dissociate and escalate internally under the Code","Ignore the fact pattern because it is only a teaching case","Guarantee the client a specific investment outcome","Share the exam question with a colleague","A","This synthetic row exists so the review table can be virtualized; the explanation is long enough to avoid a weak-explanation warning."
"Synthetic review-row 157: a charterholder faces a professionalism fact pattern that requires identifying the correct Standard and the first required action in the circumstance described here.","Dissociate and escalate internally under the Code","Ignore the fact pattern because it is only a teaching case","Guarantee the client a specific investment outcome","Share the exam question with a colleague","A","This synthetic row exists so the review table can be virtualized; the explanation is long enough to avoid a weak-explanation warning."
"Synthetic review-row 158: a charterholder faces a professionalism fact pattern that requires identifying the correct Standard and the first required action in the circumstance described here.","Dissociate and escalate internally under the Code","Ignore the fact pattern because it is only a teaching case","Guarantee the client a specific investment outcome","Share the exam question with a colleague","A","This synthetic row exists so the review table can be virtualized; the explanation is long enough to avoid a weak-explanation warning."
"Synthetic review-row 159: a charterholder faces a professionalism fact pattern that requires identifying the correct Standard and the first required action in the circumstance described here.","Dissociate and escalate internally under the Code","Ignore the fact pattern because it is only a teaching case","Guarantee the client a specific investment outcome","Share the exam question with a colleague","A","This synthetic row exists so the review table can be virtualized; the explanation is long enough to avoid a weak-explanation warning."
"Synthetic review-row 160: a charterholder faces a professionalism fact pattern that requires identifying the correct Standard and the first required action in the circumstance described here.","Dissociate and escalate internally under the Code","Ignore the fact pattern because it is only a teaching case","Guarantee the client a specific investment outcome","Share the exam question with a colleague","A","This synthetic row exists so the review table can be virtualized; the explanation is long enough to avoid a weak-explanation warning."
"Synthetic review-row 161: a charterholder faces a professionalism fact pattern that requires identifying the correct Standard and the first required action in the circumstance described here.","Dissociate and escalate internally under the Code","Ignore the fact pattern because it is only a teaching case","Guarantee the client a specific investment outcome","Share the exam question with a colleague","A","This synthetic row exists so the review table can be virtualized; the explanation is long enough to avoid a weak-explanation warning."
"Synthetic review-row 162: a charterholder faces a professionalism fact pattern that requires identifying the correct Standard and the first required action in the circumstance described here.","Dissociate and escalate internally under the Code","Ignore the fact pattern because it is only a teaching case","Guarantee the client a specific investment outcome","Share the exam question with a colleague","A","This synthetic row exists so the review table can be virtualized; the explanation is long enough to avoid a weak-explanation warning."
"Synthetic review-row 163: a charterholder faces a professionalism fact pattern that requires identifying the correct Standard and the first required action in the circumstance described here.","Dissociate and escalate internally under the Code","Ignore the fact pattern because it is only a teaching case","Guarantee the client a specific investment outcome","Share the exam question with a colleague","A","This synthetic row exists so the review table can be virtualized; the explanation is long enough to avoid a weak-explanation warning."
"Synthetic review-row 164: a charterholder faces a professionalism fact pattern that requires identifying the correct Standard and the first required action in the circumstance described here.","Dissociate and escalate internally under the Code","Ignore the fact pattern because it is only a teaching case","Guarantee the client a specific investment outcome","Share the exam question with a colleague","A","This synthetic row exists so the review table can be virtualized; the explanation is long enough to avoid a weak-explanation warning."
"Synthetic review-row 165: a charterholder faces a professionalism fact pattern that requires identifying the correct Standard and the first required action in the circumstance described here.","Dissociate and escalate internally under the Code","Ignore the fact pattern because it is only a teaching case","Guarantee the client a specific investment outcome","Share the exam question with a colleague","A","This synthetic row exists so the review table can be virtualized; the explanation is long enough to avoid a weak-explanation warning."
"Synthetic review-row 166: a charterholder faces a professionalism fact pattern that requires identifying the correct Standard and the first required action in the circumstance described here.","Dissociate and escalate internally under the Code","Ignore the fact pattern because it is only a teaching case","Guarantee the client a specific investment outcome","Share the exam question with a colleague","A","This synthetic row exists so the review table can be virtualized; the explanation is long enough to avoid a weak-explanation warning."
"Synthetic review-row 167: a charterholder faces a professionalism fact pattern that requires identifying the correct Standard and the first required action in the circumstance described here.","Dissociate and escalate internally under the Code","Ignore the fact pattern because it is only a teaching case","Guarantee the client a specific investment outcome","Share the exam question with a colleague","A","This synthetic row exists so the review table can be virtualized; the explanation is long enough to avoid a weak-explanation warning."
"Synthetic review-row 168: a charterholder faces a professionalism fact pattern that requires identifying the correct Standard and the first required action in the circumstance described here.","Dissociate and escalate internally under the Code","Ignore the fact pattern because it is only a teaching case","Guarantee the client a specific investment outcome","Share the exam question with a colleague","A","This synthetic row exists so the review table can be virtualized; the explanation is long enough to avoid a weak-explanation warning."
"Synthetic review-row 169: a charterholder faces a professionalism fact pattern that requires identifying the correct Standard and the first required action in the circumstance described here.","Dissociate and escalate internally under the Code","Ignore the fact pattern because it is only a teaching case","Guarantee the client a specific investment outcome","Share the exam question with a colleague","A","This synthetic row exists so the review table can be virtualized; the explanation is long enough to avoid a weak-explanation warning."
"Synthetic review-row 170: a charterholder faces a professionalism fact pattern that requires identifying the correct Standard and the first required action in the circumstance described here.","Dissociate and escalate internally under the Code","Ignore the fact pattern because it is only a teaching case","Guarantee the client a specific investment outcome","Share the exam question with a colleague","A","This synthetic row exists so the review table can be virtualized; the explanation is long enough to avoid a weak-explanation warning."
"Synthetic review-row 171: a charterholder faces a professionalism fact pattern that requires identifying the correct Standard and the first required action in the circumstance described here.","Dissociate and escalate internally under the Code","Ignore the fact pattern because it is only a teaching case","Guarantee the client a specific investment outcome","Share the exam question with a colleague","A","This synthetic row exists so the review table can be virtualized; the explanation is long enough to avoid a weak-explanation warning."
"Synthetic review-row 172: a charterholder faces a professionalism fact pattern that requires identifying the correct Standard and the first required action in the circumstance described here.","Dissociate and escalate internally under the Code","Ignore the fact pattern because it is only a teaching case","Guarantee the client a specific investment outcome","Share the exam question with a colleague","A","This synthetic row exists so the review table can be virtualized; the explanation is long enough to avoid a weak-explanation warning."
"Synthetic review-row 173: a charterholder faces a professionalism fact pattern that requires identifying the correct Standard and the first required action in the circumstance described here.","Dissociate and escalate internally under the Code","Ignore the fact pattern because it is only a teaching case","Guarantee the client a specific investment outcome","Share the exam question with a colleague","A","This synthetic row exists so the review table can be virtualized; the explanation is long enough to avoid a weak-explanation warning."
"Synthetic review-row 174: a charterholder faces a professionalism fact pattern that requires identifying the correct Standard and the first required action in the circumstance described here.","Dissociate and escalate internally under the Code","Ignore the fact pattern because it is only a teaching case","Guarantee the client a specific investment outcome","Share the exam question with a colleague","A","This synthetic row exists so the review table can be virtualized; the explanation is long enough to avoid a weak-explanation warning."
"Synthetic review-row 175: a charterholder faces a professionalism fact pattern that requires identifying the correct Standard and the first required action in the circumstance described here.","Dissociate and escalate internally under the Code","Ignore the fact pattern because it is only a teaching case","Guarantee the client a specific investment outcome","Share the exam question with a colleague","A","This synthetic row exists so the review table can be virtualized; the explanation is long enough to avoid a weak-explanation warning."
"Synthetic review-row 176: a charterholder faces a professionalism fact pattern that requires identifying the correct Standard and the first required action in the circumstance described here.","Dissociate and escalate internally under the Code","Ignore the fact pattern because it is only a teaching case","Guarantee the client a specific investment outcome","Share the exam question with a colleague","A","This synthetic row exists so the review table can be virtualized; the explanation is long enough to avoid a weak-explanation warning."
"Synthetic review-row 177: a charterholder faces a professionalism fact pattern that requires identifying the correct Standard and the first required action in the circumstance described here.","Dissociate and escalate internally under the Code","Ignore the fact pattern because it is only a teaching case","Guarantee the client a specific investment outcome","Share the exam question with a colleague","A","This synthetic row exists so the review table can be virtualized; the explanation is long enough to avoid a weak-explanation warning."
"Synthetic review-row 178: a charterholder faces a professionalism fact pattern that requires identifying the correct Standard and the first required action in the circumstance described here.","Dissociate and escalate internally under the Code","Ignore the fact pattern because it is only a teaching case","Guarantee the client a specific investment outcome","Share the exam question with a colleague","A","This synthetic row exists so the review table can be virtualized; the explanation is long enough to avoid a weak-explanation warning."
"Synthetic review-row 179: a charterholder faces a professionalism fact pattern that requires identifying the correct Standard and the first required action in the circumstance described here.","Dissociate and escalate internally under the Code","Ignore the fact pattern because it is only a teaching case","Guarantee the client a specific investment outcome","Share the exam question with a colleague","A","This synthetic row exists so the review table can be virtualized; the explanation is long enough to avoid a weak-explanation warning."
"Synthetic review-row 180: a charterholder faces a professionalism fact pattern that requires identifying the correct Standard and the first required action in the circumstance described here.","Dissociate and escalate internally under the Code","Ignore the fact pattern because it is only a teaching case","Guarantee the client a specific investment outcome","Share the exam question with a colleague","A","This synthetic row exists so the review table can be virtualized; the explanation is long enough to avoid a weak-explanation warning."
"Synthetic review-row 181: a charterholder faces a professionalism fact pattern that requires identifying the correct Standard and the first required action in the circumstance described here.","Dissociate and escalate internally under the Code","Ignore the fact pattern because it is only a teaching case","Guarantee the client a specific investment outcome","Share the exam question with a colleague","A","This synthetic row exists so the review table can be virtualized; the explanation is long enough to avoid a weak-explanation warning."
"Synthetic review-row 182: a charterholder faces a professionalism fact pattern that requires identifying the correct Standard and the first required action in the circumstance described here.","Dissociate and escalate internally under the Code","Ignore the fact pattern because it is only a teaching case","Guarantee the client a specific investment outcome","Share the exam question with a colleague","A","This synthetic row exists so the review table can be virtualized; the explanation is long enough to avoid a weak-explanation warning."
"Synthetic review-row 183: a charterholder faces a professionalism fact pattern that requires identifying the correct Standard and the first required action in the circumstance described here.","Dissociate and escalate internally under the Code","Ignore the fact pattern because it is only a teaching case","Guarantee the client a specific investment outcome","Share the exam question with a colleague","A","This synthetic row exists so the review table can be virtualized; the explanation is long enough to avoid a weak-explanation warning."
"Synthetic review-row 184: a charterholder faces a professionalism fact pattern that requires identifying the correct Standard and the first required action in the circumstance described here.","Dissociate and escalate internally under the Code","Ignore the fact pattern because it is only a teaching case","Guarantee the client a specific investment outcome","Share the exam question with a colleague","A","This synthetic row exists so the review table can be virtualized; the explanation is long enough to avoid a weak-explanation warning."
"Synthetic review-row 185: a charterholder faces a professionalism fact pattern that requires identifying the correct Standard and the first required action in the circumstance described here.","Dissociate and escalate internally under the Code","Ignore the fact pattern because it is only a teaching case","Guarantee the client a specific investment outcome","Share the exam question with a colleague","A","This synthetic row exists so the review table can be virtualized; the explanation is long enough to avoid a weak-explanation warning."
"Synthetic review-row 186: a charterholder faces a professionalism fact pattern that requires identifying the correct Standard and the first required action in the circumstance described here.","Dissociate and escalate internally under the Code","Ignore the fact pattern because it is only a teaching case","Guarantee the client a specific investment outcome","Share the exam question with a colleague","A","This synthetic row exists so the review table can be virtualized; the explanation is long enough to avoid a weak-explanation warning."
"Synthetic review-row 187: a charterholder faces a professionalism fact pattern that requires identifying the correct Standard and the first required action in the circumstance described here.","Dissociate and escalate internally under the Code","Ignore the fact pattern because it is only a teaching case","Guarantee the client a specific investment outcome","Share the exam question with a colleague","A","This synthetic row exists so the review table can be virtualized; the explanation is long enough to avoid a weak-explanation warning."
"Synthetic review-row 188: a charterholder faces a professionalism fact pattern that requires identifying the correct Standard and the first required action in the circumstance described here.","Dissociate and escalate internally under the Code","Ignore the fact pattern because it is only a teaching case","Guarantee the client a specific investment outcome","Share the exam question with a colleague","A","This synthetic row exists so the review table can be virtualized; the explanation is long enough to avoid a weak-explanation warning."
"Synthetic review-row 189: a charterholder faces a professionalism fact pattern that requires identifying the correct Standard and the first required action in the circumstance described here.","Dissociate and escalate internally under the Code","Ignore the fact pattern because it is only a teaching case","Guarantee the client a specific investment outcome","Share the exam question with a colleague","A","This synthetic row exists so the review table can be virtualized; the explanation is long enough to avoid a weak-explanation warning."
"Synthetic review-row 190: a charterholder faces a professionalism fact pattern that requires identifying the correct Standard and the first required action in the circumstance described here.","Dissociate and escalate internally under the Code","Ignore the fact pattern because it is only a teaching case","Guarantee the client a specific investment outcome","Share the exam question with a colleague","A","This synthetic row exists so the review table can be virtualized; the explanation is long enough to avoid a weak-explanation warning."
"Synthetic review-row 191: a charterholder faces a professionalism fact pattern that requires identifying the correct Standard and the first required action in the circumstance described here.","Dissociate and escalate internally under the Code","Ignore the fact pattern because it is only a teaching case","Guarantee the client a specific investment outcome","Share the exam question with a colleague","A","This synthetic row exists so the review table can be virtualized; the explanation is long enough to avoid a weak-explanation warning."
"Synthetic review-row 192: a charterholder faces a professionalism fact pattern that requires identifying the correct Standard and the first required action in the circumstance described here.","Dissociate and escalate internally under the Code","Ignore the fact pattern because it is only a teaching case","Guarantee the client a specific investment outcome","Share the exam question with a colleague","A","This synthetic row exists so the review table can be virtualized; the explanation is long enough to avoid a weak-explanation warning."
"Synthetic review-row 193: a charterholder faces a professionalism fact pattern that requires identifying the correct Standard and the first required action in the circumstance described here.","Dissociate and escalate internally under the Code","Ignore the fact pattern because it is only a teaching case","Guarantee the client a specific investment outcome","Share the exam question with a colleague","A","This synthetic row exists so the review table can be virtualized; the explanation is long enough to avoid a weak-explanation warning."
"Synthetic review-row 194: a charterholder faces a professionalism fact pattern that requires identifying the correct Standard and the first required action in the circumstance described here.","Dissociate and escalate internally under the Code","Ignore the fact pattern because it is only a teaching case","Guarantee the client a specific investment outcome","Share the exam question with a colleague","A","This synthetic row exists so the review table can be virtualized; the explanation is long enough to avoid a weak-explanation warning."
"Synthetic review-row 195: a charterholder faces a professionalism fact pattern that requires identifying the correct Standard and the first required action in the circumstance described here.","Dissociate and escalate internally under the Code","Ignore the fact pattern because it is only a teaching case","Guarantee the client a specific investment outcome","Share the exam question with a colleague","A","This synthetic row exists so the review table can be virtualized; the explanation is long enough to avoid a weak-explanation warning."
"Synthetic review-row 196: a charterholder faces a professionalism fact pattern that requires identifying the correct Standard and the first required action in the circumstance described here.","Dissociate and escalate internally under the Code","Ignore the fact pattern because it is only a teaching case","Guarantee the client a specific investment outcome","Share the exam question with a colleague","A","This synthetic row exists so the review table can be virtualized; the explanation is long enough to avoid a weak-explanation warning."
"Synthetic review-row 197: a charterholder faces a professionalism fact pattern that requires identifying the correct Standard and the first required action in the circumstance described here.","Dissociate and escalate internally under the Code","Ignore the fact pattern because it is only a teaching case","Guarantee the client a specific investment outcome","Share the exam question with a colleague","A","This synthetic row exists so the review table can be virtualized; the explanation is long enough to avoid a weak-explanation warning."
"Synthetic review-row 198: a charterholder faces a professionalism fact pattern that requires identifying the correct Standard and the first required action in the circumstance described here.","Dissociate and escalate internally under the Code","Ignore the fact pattern because it is only a teaching case","Guarantee the client a specific investment outcome","Share the exam question with a colleague","A","This synthetic row exists so the review table can be virtualized; the explanation is long enough to avoid a weak-explanation warning."
"Synthetic review-row 199: a charterholder faces a professionalism fact pattern that requires identifying the correct Standard and the first required action in the circumstance described here.","Dissociate and escalate internally under the Code","Ignore the fact pattern because it is only a teaching case","Guarantee the client a specific investment outcome","Share the exam question with a colleague","A","This synthetic row exists so the review table can be virtualized; the explanation is long enough to avoid a weak-explanation warning."
"Synthetic review-row 200: a charterholder faces a professionalism fact pattern that requires identifying the correct Standard and the first required action in the circumstance described here.","Dissociate and escalate internally under the Code","Ignore the fact pattern because it is only a teaching case","Guarantee the client a specific investment outcome","Share the exam question with a colleague","A","This synthetic row exists so the review table can be virtualized; the explanation is long enough to avoid a weak-explanation warning."